Sr. No.,Blog Title,Blog URL,GMB Post Content
1,VRIO Framework,https://www.edstellar.com/blog/vrio-framework,"The VRIO Framework helps L&D and HR leaders identify which organizational capabilities deliver true competitive advantage. By evaluating resources across Value, Rarity, Imitability, and Organization, decision-makers can align workforce investments with long-term business strategy and prioritize training where it creates the most defensible impact. Don't miss out on this essential read! Click on learn more."
2,AIDA Model,https://www.edstellar.com/blog/aida-model,"The AIDA Model guides L&D and HR professionals in designing communication and training programs that drive action. By structuring messages across Attention, Interest, Desire, and Action, decision-makers can improve engagement strategies, learning adoption, and organizational communication, ensuring every initiative moves people from awareness to measurable behavioral change. Don't miss out on this essential read! Click on learn more."
3,Must-Have Skills for Real Estate Agents,https://www.edstellar.com/blog/must-have-skills-for-real-estate-agents,"L&D and HR leaders in real estate must equip agents with skills spanning empathetic negotiation, PropTech proficiency, and predictive market analytics. This guide outlines 14 critical competencies, from AI-powered client profiling to carbon footprint assessment, helping decision-makers design targeted training programs that keep their workforce competitive in 2026. Don't miss out on this essential read! Click on learn more."
4,Digital Transformation Manager Roles and Responsibilities,https://www.edstellar.com/blog/digital-transformation-manager-roles-and-responsibilities,"With digital transformation investment heading toward $2.3 trillion by 2027, HR and L&D leaders must understand the nine core responsibilities of a Digital Transformation Manager. This guide helps decision-makers identify capability gaps, build development pathways, and ensure their organizations can translate technology investments into measurable business outcomes. Don't miss out on this essential read! Click on learn more."
5,Hoshin Kanri Matrix Guide,https://www.edstellar.com/blog/hoshin-kanri-matrix-guide,"Low engagement and misaligned priorities cost organizations $438 billion annually. The Hoshin Kanri Matrix gives HR and L&D leaders a structured framework to cascade organizational strategy into team-level accountability. Decision-makers can use this guide to drive alignment, improve execution, and build a culture of continuous improvement across all functions. Don't miss out on this essential read! Click on learn more."
6,How to Build a DevOps Team,https://www.edstellar.com/blog/how-to-build-a-devops-team,"Building a high-performing DevOps team requires more than technical hiring. HR and L&D leaders must understand the seven evolving DevOps responsibilities, from CI/CD optimization to AI/ML deployment, to design effective development programmes. This guide helps decision-makers structure teams, identify skill gaps, and build training roadmaps that sustain delivery performance. Don't miss out on this essential read! Click on learn more."
7,How to Build a Strong HR Team,https://www.edstellar.com/blog/how-to-build-a-strong-hr-team,"A strong HR team is a strategic business asset. This guide helps L&D professionals and organizational decision-makers structure HR functions effectively, covering role definition, internal talent development, technology integration, and performance metrics. Investing in targeted HR Excellence training directly improves retention, engagement, and organizational agility across the business. Don't miss out on this essential read! Click on learn more."
8,Internal Talent Marketplace,https://www.edstellar.com/blog/internal-talent-marketplace,"Internal talent marketplaces enable HR and L&D leaders to match employees with growth opportunities through AI-driven, skills-based platforms. This guide helps decision-makers understand implementation steps, core benefits including reduced attrition and improved workforce agility, and how organizations like Unilever redeployed 8000+ employees by building this infrastructure proactively. Don't miss out on this essential read! Click on learn more."
9,Corporate Training Companies in Japan,https://www.edstellar.com/blog/corporate-training-companies-japan,"For HR and L&D leaders operating in Japan, selecting the right corporate training partner is critical. This guide evaluates six leading providers, including Edstellar, across trainer quality, course breadth, cultural expertise, and ROI value. Decision-makers gain a clear framework for identifying the partner best aligned with their workforce development goals. Don't miss out on this essential read! Click on learn more."
10,Performance Management Activities Games and Exercises for Employees,https://www.edstellar.com/blog/performance-management-activities-games-exercises-for-employees,"Companies focused on employee performance are 4.2x more likely to outperform peers. This guide gives HR and L&D professionals nine interactive performance management activities, from Empathy Mapping to Reverse Mentoring, that drive engagement, accountability, and continuous improvement. Decision-makers can use these exercises to transform performance reviews into genuine development experiences. Don't miss out on this essential read! Click on learn more."
11,Vice President of Technology Roles and Responsibilities,https://www.edstellar.com/blog/vice-president-of-technology-roles-responsibilities,"HR and L&D leaders developing technology leadership pipelines must understand the seven core responsibilities of a VP of Technology, from strategic planning and budget management to cybersecurity governance and innovation oversight. This guide helps decision-makers identify required competencies, design targeted leadership development programmes, and build succession readiness at the VP level. Don't miss out on this essential read! Click on learn more."
12,Chief Data Officer Roles and Responsibilities,https://www.edstellar.com/blog/chief-data-officer-roles-responsibilities,"With 57% of companies worldwide now employing a Chief Data Officer, HR and L&D leaders must build clear CDO development pathways. This guide outlines nine core CDO responsibilities, spanning AI/ML integration, data governance, monetization, and ESG reporting, helping decision-makers identify capability gaps and design programmes that prepare data leaders for enterprise impact. Don't miss out on this essential read! Click on learn more."
