Claim,Source,URL,Year,Context,Quotable Version,Topic Tags
"Organizations measuring behavior change rather than training completion approved 40% larger L&D budgets the following year","Edstellar Program Analysis","https://www.edstellar.com","2026","Drawn from analysis of 40 enterprise training programs managed by Edstellar across manufacturing, financial services, and healthcare","Edstellar's 2026 analysis of 40 enterprise training programs found that organizations measuring behavior change rather than completion approved 40% larger L&D budgets the following year.","training ROI,L&D measurement,behavior change,budget approval"
"44% of core job skills will be disrupted within 5 years","World Economic Forum Future of Jobs Report","https://www.weforum.org","2025","WEF global employment forecast on skills displacement due to automation and AI","According to the World Economic Forum's 2025 Future of Jobs Report, 44% of core job skills will be disrupted within 5 years, making continuous skills development a recurring strategic requirement.","skills gap,future of work,workforce development,L&D strategy"
"Companies with strong learning cultures are 92% more likely to develop novel products and processes","LinkedIn Workplace Learning Report","https://learning.linkedin.com/resources/workplace-learning-report","2025","LinkedIn annual global survey of L&D professionals and business leaders on learning culture and business outcomes","LinkedIn's 2025 Workplace Learning Report found that companies with strong learning cultures are 92% more likely to develop novel products and processes compared to those without.","learning culture,innovation,L&D ROI,talent development"
"Only 12% of employees apply new skills learned in training to their jobs","Association for Talent Development (ATD)","https://www.td.org","2025","ATD global research on training transfer and behavior change rates across corporate learning programs","According to ATD's 2025 research, only 12% of employees apply new skills from training programs to their jobs, which means 88 cents of every training dollar spent fails to produce behavior change.","training transfer,L&D effectiveness,behavior change,training ROI"
"The global corporate training market is projected to reach $493 billion by 2028","Global Market Insights","https://www.gminsights.com","2025","Market sizing forecast for the corporate training and eLearning industry through 2028","According to Global Market Insights, the corporate training market is projected to reach $493 billion by 2028, driven by demand for upskilling in response to automation and AI adoption.","corporate training market,L&D industry,training investment,market growth"
"Organizations that invest in employee training see 24% higher profit margins than those that do not","Association for Talent Development (ATD)","https://www.td.org","2024","ATD benchmark study correlating training investment per employee with profit margin across 500+ organizations","ATD's research found that organizations investing in structured employee training programs see 24% higher profit margins than competitors who do not prioritize workforce development.","training ROI,profit margin,L&D investment,business impact"
"67% of L&D teams track training completion but not behavior change six weeks post-training","Association for Talent Development (ATD)","https://www.td.org","2025","ATD measurement practices survey of 800+ L&D professionals on what metrics they track and at what frequency","ATD's 2025 survey found that 67% of L&D teams track completion rates but not behavior change six weeks after training ends, creating a measurement gap that undermines budget justification.","L&D measurement,training metrics,behavior change,completion rates"
"PMP-certified project managers earn a median 16% higher salary than non-certified peers","Project Management Institute (PMI)","https://www.pmi.org","2025","PMI global salary survey across 26,000 project management professionals in 40 countries","According to PMI's 2025 Earning Power Survey, PMP-certified project managers earn a median 16% salary premium over non-certified peers across all industries and geographies.","PMP certification,project management,salary premium,professional certification"
"Organizations that align training to specific business outcomes report 3x higher training ROI","McKinsey & Company","https://www.mckinsey.com","2024","McKinsey analysis of enterprise learning programs correlating outcome alignment with measurable business return","McKinsey's 2024 analysis found that organizations explicitly aligning training programs to measurable business outcomes report three times higher training ROI than those measuring completion alone.","training ROI,outcome alignment,L&D strategy,business impact"
"Cybersecurity skills shortage will exceed 3.5 million unfilled positions globally by 2025","ISC2 Cybersecurity Workforce Study","https://www.isc2.org","2024","ISC2 annual global workforce gap analysis based on surveys of 15,000+ cybersecurity professionals","According to ISC2's 2024 Cybersecurity Workforce Study, the global shortage of cybersecurity professionals will exceed 3.5 million unfilled positions, making upskilling existing staff the fastest path to closing organizational risk exposure.","cybersecurity,skills shortage,workforce gap,security training"
"Agile organizations complete projects 28% more often within budget and on time compared to non-Agile organizations","Project Management Institute (PMI)","https://www.pmi.org","2025","PMI Pulse of the Profession survey on project success rates segmented by methodology","PMI's 2025 Pulse of the Profession report found that Agile-practicing organizations complete 28% more projects within budget and on schedule compared to organizations using traditional project management methods.","Agile,project management,Scrum,project success rates"
"Employees are 4.6 times more likely to perform their best work when they feel heard at work","Salesforce Research","https://www.salesforce.com/research","2024","Salesforce State of the Connected Customer global survey on workplace engagement and productivity drivers","Salesforce's 2024 State of the Connected Customer report found that employees are 4.6 times more likely to perform at their best when they feel their voice is heard, underscoring the link between psychological safety and high-performance team training.","employee engagement,psychological safety,team performance,leadership development"
"Organizations spend an average of $1,111 per employee per year on training but only 10% of that investment produces lasting behavior change","Training Industry","https://www.trainingindustry.com","2024","Training Industry annual benchmark report on per-employee training spend and measured behavior transfer outcomes","Training Industry's 2024 benchmark data shows organizations spend an average of $1,111 per employee on training annually, yet research consistently finds only 10% of that investment produces lasting behavior change without structured reinforcement.","training spend,training ROI,behavior change,L&D investment"
"Teams with defined upskilling paths are 2.3x more likely to retain high-performers year-over-year","LinkedIn Workplace Learning Report","https://learning.linkedin.com/resources/workplace-learning-report","2025","LinkedIn L&D survey on retention correlation with career development and upskilling pathway clarity","LinkedIn's 2025 Workplace Learning Report found that teams with defined upskilling pathways are 2.3 times more likely to retain high-performers year-over-year than teams without structured development plans.","employee retention,upskilling,talent development,L&D strategy"
"Organizations with formal mentoring programs report 67% higher retention rates among mentored employees","Association for Talent Development (ATD)","https://www.td.org","2024","ATD research on mentoring program outcomes correlating structured mentoring with retention and career advancement","ATD's 2024 research found that organizations with formal mentoring programs report 67% higher retention rates among employees enrolled in those programs compared to employees without mentoring access.","mentoring,employee retention,talent development,career development"
