Sr. No.,Blog URL,Title,Description
1,https://www.edstellar.com/blog/skills-in-demand-in-malta,Skills in Demand in Malta: What Employers Want in 2026,"From iGaming to green energy, discover the 6 skills Malta employers are actively seeking. Critical insights for HR and L&D professionals building talent strategies in a rapidly digitizing economy. #MaltaJobs #SkillsInDemand #WorkforcePlanning #HRStrategy #Edstellar"
2,https://www.edstellar.com/blog/skills-in-demand-in-ghana,Skills in Demand in Ghana: Building a Digital Workforce,"Ghana's digital economy targets $5 billion by 2030. Explore the 7 most in-demand skills shaping workforce priorities, from cybersecurity to cloud computing, essential for HR and L&D leaders aligning talent strategies with market growth. #GhanaJobs #SkillsInDemand #AfricaWorkforce #HRStrategy #Edstellar"
3,https://www.edstellar.com/blog/azure-administrator-roles-responsibilities,Azure Administrator: 6 Core Roles Explained,"With 80% of enterprises running on Microsoft Azure, understanding the Azure Administrator role is critical for HR and L&D leaders building cloud talent pipelines and technical workforce development strategies. #AzureAdministrator #CloudComputing #TechTalent #WorkforceDevelopment #Edstellar"
4,https://www.edstellar.com/blog/skills-in-demand-in-tanzania,Skills in Demand in Tanzania: Workforce Priorities for 2026,"Tanzania aims to become Africa's Metaverse leader by 2030. Discover the 6 most in-demand skills, from AI to conservation management, helping HR and L&D decision-makers plan workforce development in fast-growing emerging markets. #TanzaniaJobs #SkillsInDemand #AfricaWorkforce #HRStrategy #Edstellar"
5,https://www.edstellar.com/blog/skills-in-demand-in-namibia,Skills in Demand in Namibia: Opportunities and Gaps in 2026,"Namibia's green hydrogen sector alone could generate 250,000 jobs. Explore the 7 most in-demand skills helping HR and L&D decision-makers align talent strategies with the country's Vision 2030 industrialization goals. #NamibiaJobs #SkillsInDemand #GreenJobs #WorkforcePlanning #Edstellar"
6,https://www.edstellar.com/blog/transform-managers-to-leaders,Transform Managers into Leaders: A Three-Phase Framework,"57% of employees leave due to poor leadership and 60% of first-time managers receive no transitional training. Discover the practical framework helping HR and L&D leaders build confident, high-impact leaders from within their organizations. #LeadershipDevelopment #ManagerToLeader #HRStrategy #LandD #Edstellar"
7,https://www.edstellar.com/blog/communication-skills-for-entrepreneurs,Communication Skills for Entrepreneurs: 5 Essential Competencies,"Entrepreneurs who receive communication training see a 20% increase in profitability within one year. Explore the 5 skills, from active listening to persuasive speaking, that L&D leaders should prioritize in entrepreneurship development programmes. #EntrepreneurSkills #CommunicationTraining #BusinessGrowth #LandD #Edstellar"
8,https://www.edstellar.com/blog/gen-z-communication-gaps,Gen Z Communication Gaps: How to Bridge Them at Work,"87% of Gen Z professionals prefer texting over phone calls and 36% have 1000+ unread emails. A must-read for HR and L&D leaders designing communication training that bridges generational gaps in the modern workplace. #GenZ #CommunicationSkills #WorkplaceTraining #HRStrategy #Edstellar"
9,https://www.edstellar.com/blog/skills-in-demand-in-botswana,Skills in Demand in Botswana: Closing the Digital Talent Gap,"Botswana's ICT sector grew 4.1% in Q2 2024, yet 44% of workers' core skills will change by 2027. Discover the 6 skills HR and L&D leaders must prioritize to support the nation's high-income status ambitions by 2036. #BotswanaJobs #SkillsInDemand #AfricaWorkforce #DigitalSkills #Edstellar"
10,https://www.edstellar.com/blog/behavioural-skills-for-project-managers,Behavioural Skills for Project Managers: Lead with Impact,"Organizations that prioritize behavioural skills achieve a 72% project success rate. This guide outlines 6 essential soft skills HR and L&D professionals must develop in project managers to drive team performance and delivery outcomes. #ProjectManagement #BehaviouralSkills #LandD #HRStrategy #Edstellar"
11,https://www.edstellar.com/blog/scrum-master-roles-responsibilities,Scrum Master Roles: Driving Agile Team Success,"63% of agile practitioners cite Scrum as their preferred framework. Understand the 5 core Scrum Master responsibilities helping HR and L&D leaders build agile-ready teams and develop certified talent for high-demand delivery roles. #ScrumMaster #AgileTraining #TechTalent #LandD #Edstellar"
12,https://www.edstellar.com/blog/front-office-staff-communication-skills,Front Office Communication Skills: 6 Must-Have Competencies,"Active listening alone can boost customer satisfaction by 30% and improve retention by 25%. Discover the 6 communication skills HR and L&D leaders must train front office teams in to deliver consistently exceptional customer experiences. #FrontOfficeTraining #CommunicationSkills #CustomerExperience #HRStrategy #Edstellar"
